kpi,value,label,detail,benchmark
model_accuracy,94.6,94.6%,Mean MAPE: 5.4% on test window,Industry standard: 75-85%
forecast_accuracy,86.6,86.6%,Mean MAPE: 13.4% on forecast window,True holdout Jul-Sep 2019
error_reduction,77.8,77.8%,Average improvement over naive baseline,Test window Feb-Jul 2019
overproduction,71.9,71.9%,Reduction in estimated excess inventory,At 20% safety buffer | Test window
direction_accuracy,93.5,86 of 92 weeks (94%),Weeks where forecast direction matched actual direction,Random baseline: 50%
revenue_alignment,92.7,92.7%,89 of 96 weeks within 15% of actual,Target: >70% | Test window Feb-Jul 2019
total_saving,132191.0,"$132,191",4 dashboard drugs,
roi,13.2,13.2x,Saving / implementation cost,
decision_agility,4.0,4 weeks,Model predicts direction correctly 4 weeks ahead,
